{"cameraMode":{"drawMode":0,"name":"Shaded","section":"Shading Mode"},"sceneLighting":false,"audioPlay":false,"sceneViewState":{"showFog":true,"showMaterialUpdate":false,"showSkybox":false,"showFlares":true,"showImageEffects":true,"showParticleSystems":true},"in2DMode":false,"pivot":{"x":4.694509983062744,"y":1.277599811553955,"z":0.9342272281646729},"rotation":{"x":0.05950886011123657,"y":0.5395400524139404,"z":-0.03826764598488808,"w":0.838993489742279},"size":2.1267342567443849,"orthographic":false}