{"cameraMode":{"drawMode":0,"name":"Shaded","section":"Shading Mode"},"sceneLighting":false,"audioPlay":false,"sceneViewState":{"showFog":true,"showMaterialUpdate":false,"showSkybox":false,"showFlares":true,"showImageEffects":true,"showParticleSystems":true},"in2DMode":false,"pivot":{"x":-29.237092971801759,"y":2.1424851417541506,"z":50.466796875},"rotation":{"x":0.23478776216506959,"y":1.1212933515025725e-7,"z":4.89763635869167e-7,"w":0.9720485210418701},"size":48.42169952392578,"orthographic":true}