{"cameraMode":{"drawMode":0,"name":"Shaded","section":"Shading Mode"},"sceneLighting":false,"audioPlay":false,"sceneViewState":{"showFog":true,"showMaterialUpdate":false,"showSkybox":false,"showFlares":true,"showImageEffects":true,"showParticleSystems":true},"in2DMode":false,"pivot":{"x":58.911285400390628,"y":-0.000010345889677410014,"z":26.149795532226564},"rotation":{"x":0.24931342899799348,"y":-0.014525579288601876,"z":0.0037404701579362156,"w":0.9683083295822144},"size":112.27095794677735,"orthographic":true}