{"cameraMode":{"drawMode":0,"name":"Shaded","section":"Shading Mode"},"sceneLighting":false,"audioPlay":false,"sceneViewState":{"showFog":true,"showMaterialUpdate":false,"showSkybox":false,"showFlares":true,"showImageEffects":true,"showParticleSystems":true},"in2DMode":false,"pivot":{"x":9.313225746154786e-10,"y":1.862645149230957e-9,"z":0.0},"rotation":{"x":-0.32008689641952517,"y":0.07917376607656479,"z":-0.026829902082681657,"w":-0.9437118768692017},"size":0.40025004744529726,"orthographic":false}