{"cameraMode":{"drawMode":0,"name":"Shaded","section":"Shading Mode"},"sceneLighting":false,"audioPlay":false,"sceneViewState":{"showFog":true,"showMaterialUpdate":false,"showSkybox":false,"showFlares":true,"showImageEffects":true,"showParticleSystems":true},"in2DMode":false,"pivot":{"x":7.880130767822266,"y":6.724170684814453,"z":122.20870971679688},"rotation":{"x":0.24931342899799348,"y":-0.014525579288601876,"z":0.0037404701579362156,"w":0.9683083295822144},"size":20.368144989013673,"orthographic":true}