{"cameraMode":{"drawMode":0,"name":"Shaded","section":"Shading Mode"},"sceneLighting":false,"audioPlay":false,"sceneViewState":{"showFog":true,"showMaterialUpdate":false,"showSkybox":false,"showFlares":true,"showImageEffects":true,"showParticleSystems":true},"in2DMode":false,"pivot":{"x":2.934246063232422,"y":7.565390586853027,"z":2.8647537231445314},"rotation":{"x":0.23478776216506959,"y":1.1212933515025725e-7,"z":4.89763635869167e-7,"w":0.9720485210418701},"size":33.386348724365237,"orthographic":true}