{"cameraMode":{"drawMode":0,"name":"Shaded","section":"Shading Mode"},"sceneLighting":false,"audioPlay":false,"sceneViewState":{"showFog":true,"showMaterialUpdate":false,"showSkybox":false,"showFlares":true,"showImageEffects":true,"showParticleSystems":true},"in2DMode":false,"pivot":{"x":-0.07361078262329102,"y":0.21145205199718476,"z":-0.00031341612339019775},"rotation":{"x":0.18493013083934785,"y":-6.913764849514337e-8,"z":0.000001077581714525877,"w":0.9827561378479004},"size":0.39018529653549197,"orthographic":true}