{"cameraMode":{"drawMode":0,"name":"Shaded","section":"Shading Mode"},"sceneLighting":false,"audioPlay":false,"sceneViewState":{"showFog":true,"showMaterialUpdate":false,"showSkybox":false,"showFlares":true,"showImageEffects":true,"showParticleSystems":true},"in2DMode":false,"pivot":{"x":-0.07499438524246216,"y":0.8622395992279053,"z":0.049260854721069339},"rotation":{"x":0.18493013083934785,"y":-6.913764849514337e-8,"z":0.000001077581714525877,"w":0.9827561378479004},"size":1.3453712463378907,"orthographic":true}