{"cameraMode":{"drawMode":0,"name":"Shaded","section":"Shading Mode"},"sceneLighting":false,"audioPlay":false,"sceneViewState":{"showFog":true,"showMaterialUpdate":false,"showSkybox":false,"showFlares":true,"showImageEffects":true,"showParticleSystems":true},"in2DMode":false,"pivot":{"x":1.862645149230957e-9,"y":2.7939677238464357e-9,"z":0.0},"rotation":{"x":-0.4318847358226776,"y":0.2658495604991913,"z":-0.13485614955425263,"w":-0.8512651920318604},"size":0.40056222677230837,"orthographic":false}