{"cameraMode":{"drawMode":0,"name":"Shaded","section":"Shading Mode"},"sceneLighting":false,"audioPlay":false,"sceneViewState":{"showFog":true,"showMaterialUpdate":false,"showSkybox":false,"showFlares":true,"showImageEffects":true,"showParticleSystems":true},"in2DMode":false,"pivot":{"x":-0.19640707969665528,"y":0.8865957260131836,"z":-1.2948524951934815},"rotation":{"x":0.019495846703648568,"y":0.017393525689840318,"z":-0.00033937455737031996,"w":0.9996605515480042},"size":2.5218098163604738,"orthographic":false}