{"cameraMode":{"drawMode":0,"name":"Shaded","section":"Shading Mode"},"sceneLighting":false,"audioPlay":false,"sceneViewState":{"showFog":true,"showMaterialUpdate":false,"showSkybox":false,"showFlares":true,"showImageEffects":true,"showParticleSystems":true},"in2DMode":false,"pivot":{"x":128.32293701171876,"y":-42.97026824951172,"z":91.47140502929688},"rotation":{"x":0.23478776216506959,"y":1.1212933515025725e-7,"z":4.89763635869167e-7,"w":0.9720485210418701},"size":460.4360656738281,"orthographic":true}