{"cameraMode":{"drawMode":0,"name":"Shaded","section":"Shading Mode"},"sceneLighting":false,"audioPlay":false,"sceneViewState":{"showFog":true,"showMaterialUpdate":false,"showSkybox":false,"showFlares":true,"showImageEffects":true,"showParticleSystems":true},"in2DMode":false,"pivot":{"x":-21.617881774902345,"y":-0.0000037090960631758209,"z":36.69219970703125},"rotation":{"x":0.24931342899799348,"y":-0.014525579288601876,"z":0.0037404701579362156,"w":0.9683083295822144},"size":79.18266296386719,"orthographic":true}