{"cameraMode":{"drawMode":0,"name":"Shaded","section":"Shading Mode"},"sceneLighting":false,"audioPlay":false,"sceneViewState":{"showFog":true,"showMaterialUpdate":false,"showSkybox":false,"showFlares":true,"showImageEffects":true,"showParticleSystems":true},"in2DMode":false,"pivot":{"x":2.6226651668548586,"y":0.5788209438323975,"z":2.6268796920776369},"rotation":{"x":0.16072827577590943,"y":-0.433512806892395,"z":0.07886512577533722,"w":0.8832107782363892},"size":5.292351722717285,"orthographic":false}