{"cameraMode":{"drawMode":0,"name":"Shaded","section":"Shading Mode"},"sceneLighting":false,"audioPlay":false,"sceneViewState":{"showFog":true,"showMaterialUpdate":false,"showSkybox":false,"showFlares":true,"showImageEffects":true,"showParticleSystems":true},"in2DMode":false,"pivot":{"x":-2.0319252014160158,"y":1.1219568252563477,"z":-12.208442687988282},"rotation":{"x":0.24931342899799348,"y":-0.014525579288601876,"z":0.0037404701579362156,"w":0.9683083295822144},"size":18.15412712097168,"orthographic":true}