{"cameraMode":{"drawMode":0,"name":"Shaded","section":"Shading Mode"},"sceneLighting":false,"audioPlay":false,"sceneViewState":{"showFog":true,"showMaterialUpdate":false,"showSkybox":false,"showFlares":true,"showImageEffects":true,"showParticleSystems":true},"in2DMode":false,"pivot":{"x":14.847129821777344,"y":0.0000031381532608065756,"z":46.458160400390628},"rotation":{"x":0.23478776216506959,"y":1.1212933515025725e-7,"z":4.89763635869167e-7,"w":0.9720485210418701},"size":107.5042724609375,"orthographic":true}