{"cameraMode":{"drawMode":0,"name":"Shaded","section":"Shading Mode"},"sceneLighting":false,"audioPlay":false,"sceneViewState":{"showFog":true,"showMaterialUpdate":false,"showSkybox":false,"showFlares":true,"showImageEffects":true,"showParticleSystems":true},"in2DMode":false,"pivot":{"x":51.72319793701172,"y":6.309566497802734,"z":9.444000244140625},"rotation":{"x":0.23478776216506959,"y":1.1212933515025725e-7,"z":4.89763635869167e-7,"w":0.9720485210418701},"size":26.84296989440918,"orthographic":true}