{"cameraMode":{"drawMode":0,"name":"Shaded","section":"Shading Mode"},"sceneLighting":false,"audioPlay":false,"sceneViewState":{"showFog":true,"showMaterialUpdate":false,"showSkybox":false,"showFlares":true,"showImageEffects":true,"showParticleSystems":true},"in2DMode":false,"pivot":{"x":0.009998321533203125,"y":1.1625423431396485,"z":-0.975342869758606},"rotation":{"x":0.31158125400543215,"y":-0.14940275251865388,"z":0.04967641830444336,"w":0.9370883107185364},"size":1.6844353675842286,"orthographic":false}