{"cameraMode":{"drawMode":0,"name":"Shaded","section":"Shading Mode"},"sceneLighting":false,"audioPlay":false,"sceneViewState":{"showFog":true,"showMaterialUpdate":false,"showSkybox":false,"showFlares":true,"showImageEffects":true,"showParticleSystems":true},"in2DMode":false,"pivot":{"x":1.2003358602523804,"y":1.7786884307861329,"z":-0.2224903255701065},"rotation":{"x":-0.1599898636341095,"y":-0.12520118057727815,"z":0.020460745319724084,"w":-0.978935956954956},"size":1.6990861892700196,"orthographic":false}