{"cameraMode":{"drawMode":0,"name":"Shaded","section":"Shading Mode"},"sceneLighting":false,"audioPlay":false,"sceneViewState":{"showFog":true,"showMaterialUpdate":false,"showSkybox":false,"showFlares":true,"showImageEffects":true,"showParticleSystems":true},"in2DMode":false,"pivot":{"x":-31.347618103027345,"y":7.7770586013793949,"z":37.04779052734375},"rotation":{"x":0.24931342899799348,"y":-0.014525579288601876,"z":0.0037404701579362156,"w":0.9683083295822144},"size":67.96385192871094,"orthographic":true}