{"cameraMode":{"drawMode":0,"name":"Shaded","section":"Shading Mode"},"sceneLighting":false,"audioPlay":false,"sceneViewState":{"showFog":true,"showMaterialUpdate":false,"showSkybox":false,"showFlares":true,"showImageEffects":true,"showParticleSystems":true},"in2DMode":false,"pivot":{"x":0.1246817484498024,"y":2.0836501121520998,"z":2.0387864112854006},"rotation":{"x":0.10119421780109406,"y":-0.11049801111221314,"z":-0.011321669444441796,"w":-0.9886698126792908},"size":2.525813579559326,"orthographic":false}