{"cameraMode":{"drawMode":0,"name":"Shaded","section":"Shading Mode"},"sceneLighting":false,"audioPlay":false,"sceneViewState":{"showFog":true,"showMaterialUpdate":false,"showSkybox":false,"showFlares":true,"showImageEffects":true,"showParticleSystems":true},"in2DMode":false,"pivot":{"x":0.023687392473220826,"y":0.23847825825214387,"z":-0.04656940698623657},"rotation":{"x":0.18493013083934785,"y":-6.913764849514337e-8,"z":0.000001077581714525877,"w":0.9827561378479004},"size":0.3890002369880676,"orthographic":true}